<?xml version="1.0" encoding="UTF-8"?>
<!-- Pan-STARRS database merging workflow (Figure 14 in Ramakrishnan and Gannon) -->
<adag xmlns="http://pegasus.isi.edu/schema/DAX" xmlns:xsi="http://www.w3.org/2001/XMLSchema-instance" xsi:schemaLocation="http://pegasus.isi.edu/schema/DAX http://pegasus.isi.edu/schema/dax-2.1.xsd" name="psmerge" jobCount="80" fileCount="0" childCount="79">
	<job id="update" namespace="psmerge" name="UpdateProductionDB" runtime="3600" cores="1">
		<uses file="validate1_out.dat" link="input" size="2232008604385"/>
	</job>
	<job id="merge1.11" namespace="psmerge" name="MergeDB" runtime="10800" cores="1">
		<uses file="merge1.11_in1.dat" link="input" size="104857600"/>
		<uses file="merge1.11_in2.dat" link="input" size="2199023255552"/>
		<uses file="merge1.11_out.dat" link="output" size="2199023255552"/>
	</job>
	<job id="merge1.52" namespace="psmerge" name="MergeDB" runtime="10800" cores="1">
		<uses file="merge1.52_in1.dat" link="input" size="104857600"/>
		<uses file="merge1.52_in2.dat" link="input" size="2199023255552"/>
		<uses file="merge1.52_out.dat" link="output" size="2199023255552"/>
	</job>
	<job id="merge1.66" namespace="psmerge" name="MergeDB" runtime="10800" cores="1">
		<uses file="merge1.66_in2.dat" link="input" size="2199023255552"/>
		<uses file="merge1.66_in1.dat" link="input" size="104857600"/>
		<uses file="merge1.66_out.dat" link="output" size="2199023255552"/>
	</job>
	<job id="merge1.44" namespace="psmerge" name="MergeDB" runtime="10800" cores="1">
		<uses file="merge1.44_in1.dat" link="input" size="104857600"/>
		<uses file="merge1.44_in2.dat" link="input" size="2199023255552"/>
		<uses file="merge1.44_out.dat" link="output" size="2199023255552"/>
	</job>
	<job id="merge1.40" namespace="psmerge" name="MergeDB" runtime="10800" cores="1">
		<uses file="merge1.40_in1.dat" link="input" size="104857600"/>
		<uses file="merge1.40_in2.dat" link="input" size="2199023255552"/>
		<uses file="merge1.40_out.dat" link="output" size="2199023255552"/>
	</job>
	<job id="merge1.9" namespace="psmerge" name="MergeDB" runtime="10800" cores="1">
		<uses file="merge1.9_in2.dat" link="input" size="2199023255552"/>
		<uses file="merge1.9_in1.dat" link="input" size="104857600"/>
		<uses file="merge1.9_out.dat" link="output" size="2199023255552"/>
	</job>
	<job id="merge1.59" namespace="psmerge" name="MergeDB" runtime="10800" cores="1">
		<uses file="merge1.59_in2.dat" link="input" size="2199023255552"/>
		<uses file="merge1.59_in1.dat" link="input" size="104857600"/>
		<uses file="merge1.59_out.dat" link="output" size="2199023255552"/>
	</job>
	<job id="merge1.32" namespace="psmerge" name="MergeDB" runtime="10800" cores="1">
		<uses file="merge1.32_in2.dat" link="input" size="2199023255552"/>
		<uses file="merge1.32_in1.dat" link="input" size="104857600"/>
		<uses file="merge1.32_out.dat" link="output" size="2199023255552"/>
	</job>
	<job id="merge1.73" namespace="psmerge" name="MergeDB" runtime="10800" cores="1">
		<uses file="merge1.73_in2.dat" link="input" size="2199023255552"/>
		<uses file="merge1.73_in1.dat" link="input" size="104857600"/>
		<uses file="merge1.73_out.dat" link="output" size="2199023255552"/>
	</job>
	<job id="merge1.8" namespace="psmerge" name="MergeDB" runtime="10800" cores="1">
		<uses file="merge1.8_in2.dat" link="input" size="2199023255552"/>
		<uses file="merge1.8_in1.dat" link="input" size="104857600"/>
		<uses file="merge1.8_out.dat" link="output" size="2199023255552"/>
	</job>
	<job id="merge1.19" namespace="psmerge" name="MergeDB" runtime="10800" cores="1">
		<uses file="merge1.19_in2.dat" link="input" size="2199023255552"/>
		<uses file="merge1.19_in1.dat" link="input" size="104857600"/>
		<uses file="merge1.19_out.dat" link="output" size="2199023255552"/>
	</job>
	<job id="merge1.12" namespace="psmerge" name="MergeDB" runtime="10800" cores="1">
		<uses file="merge1.12_in1.dat" link="input" size="104857600"/>
		<uses file="merge1.12_in2.dat" link="input" size="2199023255552"/>
		<uses file="merge1.12_out.dat" link="output" size="2199023255552"/>
	</job>
	<job id="merge1.37" namespace="psmerge" name="MergeDB" runtime="10800" cores="1">
		<uses file="merge1.37_in2.dat" link="input" size="2199023255552"/>
		<uses file="merge1.37_in1.dat" link="input" size="104857600"/>
		<uses file="merge1.37_out.dat" link="output" size="2199023255552"/>
	</job>
	<job id="merge1.3" namespace="psmerge" name="MergeDB" runtime="10800" cores="1">
		<uses file="merge1.3_in2.dat" link="input" size="2199023255552"/>
		<uses file="merge1.3_in1.dat" link="input" size="104857600"/>
		<uses file="merge1.3_out.dat" link="output" size="2199023255552"/>
	</job>
	<job id="merge1.68" namespace="psmerge" name="MergeDB" runtime="10800" cores="1">
		<uses file="merge1.68_in1.dat" link="input" size="104857600"/>
		<uses file="merge1.68_in2.dat" link="input" size="2199023255552"/>
		<uses file="merge1.68_out.dat" link="output" size="2199023255552"/>
	</job>
	<job id="merge1.25" namespace="psmerge" name="MergeDB" runtime="10800" cores="1">
		<uses file="merge1.25_in2.dat" link="input" size="2199023255552"/>
		<uses file="merge1.25_in1.dat" link="input" size="104857600"/>
		<uses file="merge1.25_out.dat" link="output" size="2199023255552"/>
	</job>
	<job id="merge1.33" namespace="psmerge" name="MergeDB" runtime="10800" cores="1">
		<uses file="merge1.33_in2.dat" link="input" size="2199023255552"/>
		<uses file="merge1.33_in1.dat" link="input" size="104857600"/>
		<uses file="merge1.33_out.dat" link="output" size="2199023255552"/>
	</job>
	<job id="merge1.39" namespace="psmerge" name="MergeDB" runtime="10800" cores="1">
		<uses file="merge1.39_in1.dat" link="input" size="104857600"/>
		<uses file="merge1.39_in2.dat" link="input" size="2199023255552"/>
		<uses file="merge1.39_out.dat" link="output" size="2199023255552"/>
	</job>
	<job id="merge1.46" namespace="psmerge" name="MergeDB" runtime="10800" cores="1">
		<uses file="merge1.46_in2.dat" link="input" size="2199023255552"/>
		<uses file="merge1.46_in1.dat" link="input" size="104857600"/>
		<uses file="merge1.46_out.dat" link="output" size="2199023255552"/>
	</job>
	<job id="merge1.60" namespace="psmerge" name="MergeDB" runtime="10800" cores="1">
		<uses file="merge1.60_in2.dat" link="input" size="2199023255552"/>
		<uses file="merge1.60_in1.dat" link="input" size="104857600"/>
		<uses file="merge1.60_out.dat" link="output" size="2199023255552"/>
	</job>
	<job id="merge1.74" namespace="psmerge" name="MergeDB" runtime="10800" cores="1">
		<uses file="merge1.74_in2.dat" link="input" size="2199023255552"/>
		<uses file="merge1.74_in1.dat" link="input" size="104857600"/>
		<uses file="merge1.74_out.dat" link="output" size="2199023255552"/>
	</job>
	<job id="merge1.64" namespace="psmerge" name="MergeDB" runtime="10800" cores="1">
		<uses file="merge1.64_in2.dat" link="input" size="2199023255552"/>
		<uses file="merge1.64_in1.dat" link="input" size="104857600"/>
		<uses file="merge1.64_out.dat" link="output" size="2199023255552"/>
	</job>
	<job id="merge1.20" namespace="psmerge" name="MergeDB" runtime="10800" cores="1">
		<uses file="merge1.20_in1.dat" link="input" size="104857600"/>
		<uses file="merge1.20_in2.dat" link="input" size="2199023255552"/>
		<uses file="merge1.20_out.dat" link="output" size="2199023255552"/>
	</job>
	<job id="merge1.76" namespace="psmerge" name="MergeDB" runtime="10800" cores="1">
		<uses file="merge1.76_in1.dat" link="input" size="104857600"/>
		<uses file="merge1.76_in2.dat" link="input" size="2199023255552"/>
		<uses file="merge1.76_out.dat" link="output" size="2199023255552"/>
	</job>
	<job id="merge1.13" namespace="psmerge" name="MergeDB" runtime="10800" cores="1">
		<uses file="merge1.13_in2.dat" link="input" size="2199023255552"/>
		<uses file="merge1.13_in1.dat" link="input" size="104857600"/>
		<uses file="merge1.13_out.dat" link="output" size="2199023255552"/>
	</job>
	<job id="merge1.65" namespace="psmerge" name="MergeDB" runtime="10800" cores="1">
		<uses file="merge1.65_in2.dat" link="input" size="2199023255552"/>
		<uses file="merge1.65_in1.dat" link="input" size="104857600"/>
		<uses file="merge1.65_out.dat" link="output" size="2199023255552"/>
	</job>
	<job id="merge1.23" namespace="psmerge" name="MergeDB" runtime="10800" cores="1">
		<uses file="merge1.23_in2.dat" link="input" size="2199023255552"/>
		<uses file="merge1.23_in1.dat" link="input" size="104857600"/>
		<uses file="merge1.23_out.dat" link="output" size="2199023255552"/>
	</job>
	<job id="merge1.2" namespace="psmerge" name="MergeDB" runtime="10800" cores="1">
		<uses file="merge1.2_in1.dat" link="input" size="104857600"/>
		<uses file="merge1.2_in2.dat" link="input" size="2199023255552"/>
		<uses file="merge1.2_out.dat" link="output" size="2199023255552"/>
	</job>
	<job id="merge1.10" namespace="psmerge" name="MergeDB" runtime="10800" cores="1">
		<uses file="merge1.10_in1.dat" link="input" size="104857600"/>
		<uses file="merge1.10_in2.dat" link="input" size="2199023255552"/>
		<uses file="merge1.10_out.dat" link="output" size="2199023255552"/>
	</job>
	<job id="merge1.77" namespace="psmerge" name="MergeDB" runtime="10800" cores="1">
		<uses file="merge1.77_in2.dat" link="input" size="2199023255552"/>
		<uses file="merge1.77_in1.dat" link="input" size="104857600"/>
		<uses file="merge1.77_out.dat" link="output" size="2199023255552"/>
	</job>
	<job id="merge1.61" namespace="psmerge" name="MergeDB" runtime="10800" cores="1">
		<uses file="merge1.61_in2.dat" link="input" size="2199023255552"/>
		<uses file="merge1.61_in1.dat" link="input" size="104857600"/>
		<uses file="merge1.61_out.dat" link="output" size="2199023255552"/>
	</job>
	<job id="merge1.53" namespace="psmerge" name="MergeDB" runtime="10800" cores="1">
		<uses file="merge1.53_in2.dat" link="input" size="2199023255552"/>
		<uses file="merge1.53_in1.dat" link="input" size="104857600"/>
		<uses file="merge1.53_out.dat" link="output" size="2199023255552"/>
	</job>
	<job id="merge1.7" namespace="psmerge" name="MergeDB" runtime="10800" cores="1">
		<uses file="merge1.7_in2.dat" link="input" size="2199023255552"/>
		<uses file="merge1.7_in1.dat" link="input" size="104857600"/>
		<uses file="merge1.7_out.dat" link="output" size="2199023255552"/>
	</job>
	<job id="merge1.21" namespace="psmerge" name="MergeDB" runtime="10800" cores="1">
		<uses file="merge1.21_in2.dat" link="input" size="2199023255552"/>
		<uses file="merge1.21_in1.dat" link="input" size="104857600"/>
		<uses file="merge1.21_out.dat" link="output" size="2199023255552"/>
	</job>
	<job id="merge1.14" namespace="psmerge" name="MergeDB" runtime="10800" cores="1">
		<uses file="merge1.14_in2.dat" link="input" size="2199023255552"/>
		<uses file="merge1.14_in1.dat" link="input" size="104857600"/>
		<uses file="merge1.14_out.dat" link="output" size="2199023255552"/>
	</job>
	<job id="merge1.69" namespace="psmerge" name="MergeDB" runtime="10800" cores="1">
		<uses file="merge1.69_in2.dat" link="input" size="2199023255552"/>
		<uses file="merge1.69_in1.dat" link="input" size="104857600"/>
		<uses file="merge1.69_out.dat" link="output" size="2199023255552"/>
	</job>
	<job id="merge1.55" namespace="psmerge" name="MergeDB" runtime="10800" cores="1">
		<uses file="merge1.55_in2.dat" link="input" size="2199023255552"/>
		<uses file="merge1.55_in1.dat" link="input" size="104857600"/>
		<uses file="merge1.55_out.dat" link="output" size="2199023255552"/>
	</job>
	<job id="merge1.50" namespace="psmerge" name="MergeDB" runtime="10800" cores="1">
		<uses file="merge1.50_in2.dat" link="input" size="2199023255552"/>
		<uses file="merge1.50_in1.dat" link="input" size="104857600"/>
		<uses file="merge1.50_out.dat" link="output" size="2199023255552"/>
	</job>
	<job id="merge1.36" namespace="psmerge" name="MergeDB" runtime="10800" cores="1">
		<uses file="merge1.36_in2.dat" link="input" size="2199023255552"/>
		<uses file="merge1.36_in1.dat" link="input" size="104857600"/>
		<uses file="merge1.36_out.dat" link="output" size="2199023255552"/>
	</job>
	<job id="merge1.35" namespace="psmerge" name="MergeDB" runtime="10800" cores="1">
		<uses file="merge1.35_in1.dat" link="input" size="104857600"/>
		<uses file="merge1.35_in2.dat" link="input" size="2199023255552"/>
		<uses file="merge1.35_out.dat" link="output" size="2199023255552"/>
	</job>
	<job id="preprocess1" namespace="psmerge" name="ColdDB/LoadDB/Preprocess" runtime="300" cores="1">
		<uses file="preprocess1_in1.dat" link="input" size="104857600"/>
		<uses file="preprocess1_in2.dat" link="input" size="104857600"/>
		<uses file="merge1.38_in1.dat" link="output" size="104857600"/>
		<uses file="merge1.3_in1.dat" link="output" size="104857600"/>
		<uses file="merge1.12_in1.dat" link="output" size="104857600"/>
		<uses file="merge1.67_in1.dat" link="output" size="104857600"/>
		<uses file="merge1.70_in1.dat" link="output" size="104857600"/>
		<uses file="merge1.37_in1.dat" link="output" size="104857600"/>
		<uses file="merge1.42_in1.dat" link="output" size="104857600"/>
		<uses file="merge1.50_in1.dat" link="output" size="104857600"/>
		<uses file="merge1.60_in1.dat" link="output" size="104857600"/>
		<uses file="merge1.1_in1.dat" link="output" size="104857600"/>
		<uses file="merge1.68_in1.dat" link="output" size="104857600"/>
		<uses file="merge1.48_in1.dat" link="output" size="104857600"/>
		<uses file="merge1.20_in1.dat" link="output" size="104857600"/>
		<uses file="merge1.29_in1.dat" link="output" size="104857600"/>
		<uses file="merge1.13_in1.dat" link="output" size="104857600"/>
		<uses file="merge1.75_in1.dat" link="output" size="104857600"/>
		<uses file="merge1.73_in1.dat" link="output" size="104857600"/>
		<uses file="merge1.46_in1.dat" link="output" size="104857600"/>
		<uses file="merge1.30_in1.dat" link="output" size="104857600"/>
		<uses file="merge1.41_in1.dat" link="output" size="104857600"/>
		<uses file="merge1.26_in1.dat" link="output" size="104857600"/>
		<uses file="merge1.49_in1.dat" link="output" size="104857600"/>
		<uses file="merge1.4_in1.dat" link="output" size="104857600"/>
		<uses file="merge1.27_in1.dat" link="output" size="104857600"/>
		<uses file="merge1.58_in1.dat" link="output" size="104857600"/>
		<uses file="merge1.21_in1.dat" link="output" size="104857600"/>
		<uses file="merge1.14_in1.dat" link="output" size="104857600"/>
		<uses file="merge1.9_in1.dat" link="output" size="104857600"/>
		<uses file="merge1.53_in1.dat" link="output" size="104857600"/>
		<uses file="merge1.32_in1.dat" link="output" size="104857600"/>
		<uses file="merge1.72_in1.dat" link="output" size="104857600"/>
		<uses file="merge1.36_in1.dat" link="output" size="104857600"/>
		<uses file="merge1.40_in1.dat" link="output" size="104857600"/>
		<uses file="merge1.76_in1.dat" link="output" size="104857600"/>
		<uses file="merge1.2_in1.dat" link="output" size="104857600"/>
		<uses file="merge1.63_in1.dat" link="output" size="104857600"/>
		<uses file="merge1.47_in1.dat" link="output" size="104857600"/>
		<uses file="merge1.22_in1.dat" link="output" size="104857600"/>
		<uses file="merge1.15_in1.dat" link="output" size="104857600"/>
		<uses file="merge1.34_in1.dat" link="output" size="104857600"/>
		<uses file="merge1.65_in1.dat" link="output" size="104857600"/>
		<uses file="merge1.59_in1.dat" link="output" size="104857600"/>
		<uses file="merge1.52_in1.dat" link="output" size="104857600"/>
		<uses file="merge1.56_in1.dat" link="output" size="104857600"/>
		<uses file="merge1.74_in1.dat" link="output" size="104857600"/>
		<uses file="merge1.28_in1.dat" link="output" size="104857600"/>
		<uses file="merge1.23_in1.dat" link="output" size="104857600"/>
		<uses file="merge1.16_in1.dat" link="output" size="104857600"/>
		<uses file="merge1.71_in1.dat" link="output" size="104857600"/>
		<uses file="merge1.45_in1.dat" link="output" size="104857600"/>
		<uses file="merge1.31_in1.dat" link="output" size="104857600"/>
		<uses file="merge1.77_in1.dat" link="output" size="104857600"/>
		<uses file="merge1.10_in1.dat" link="output" size="104857600"/>
		<uses file="merge1.66_in1.dat" link="output" size="104857600"/>
		<uses file="merge1.5_in1.dat" link="output" size="104857600"/>
		<uses file="merge1.51_in1.dat" link="output" size="104857600"/>
		<uses file="merge1.33_in1.dat" link="output" size="104857600"/>
		<uses file="merge1.24_in1.dat" link="output" size="104857600"/>
		<uses file="merge1.17_in1.dat" link="output" size="104857600"/>
		<uses file="merge1.57_in1.dat" link="output" size="104857600"/>
		<uses file="merge1.54_in1.dat" link="output" size="104857600"/>
		<uses file="merge1.44_in1.dat" link="output" size="104857600"/>
		<uses file="merge1.39_in1.dat" link="output" size="104857600"/>
		<uses file="merge1.11_in1.dat" link="output" size="104857600"/>
		<uses file="merge1.6_in1.dat" link="output" size="104857600"/>
		<uses file="merge1.19_in1.dat" link="output" size="104857600"/>
		<uses file="merge1.8_in1.dat" link="output" size="104857600"/>
		<uses file="merge1.69_in1.dat" link="output" size="104857600"/>
		<uses file="merge1.35_in1.dat" link="output" size="104857600"/>
		<uses file="merge1.25_in1.dat" link="output" size="104857600"/>
		<uses file="merge1.18_in1.dat" link="output" size="104857600"/>
		<uses file="merge1.62_in1.dat" link="output" size="104857600"/>
		<uses file="merge1.43_in1.dat" link="output" size="104857600"/>
		<uses file="merge1.7_in1.dat" link="output" size="104857600"/>
		<uses file="merge1.64_in1.dat" link="output" size="104857600"/>
		<uses file="merge1.55_in1.dat" link="output" size="104857600"/>
		<uses file="merge1.61_in1.dat" link="output" size="104857600"/>
	</job>
	<job id="merge1.26" namespace="psmerge" name="MergeDB" runtime="10800" cores="1">
		<uses file="merge1.26_in2.dat" link="input" size="2199023255552"/>
		<uses file="merge1.26_in1.dat" link="input" size="104857600"/>
		<uses file="merge1.26_out.dat" link="output" size="2199023255552"/>
	</job>
	<job id="merge1.22" namespace="psmerge" name="MergeDB" runtime="10800" cores="1">
		<uses file="merge1.22_in2.dat" link="input" size="2199023255552"/>
		<uses file="merge1.22_in1.dat" link="input" size="104857600"/>
		<uses file="merge1.22_out.dat" link="output" size="2199023255552"/>
	</job>
	<job id="merge1.70" namespace="psmerge" name="MergeDB" runtime="10800" cores="1">
		<uses file="merge1.70_in2.dat" link="input" size="2199023255552"/>
		<uses file="merge1.70_in1.dat" link="input" size="104857600"/>
		<uses file="merge1.70_out.dat" link="output" size="2199023255552"/>
	</job>
	<job id="merge1.15" namespace="psmerge" name="MergeDB" runtime="10800" cores="1">
		<uses file="merge1.15_in2.dat" link="input" size="2199023255552"/>
		<uses file="merge1.15_in1.dat" link="input" size="104857600"/>
		<uses file="merge1.15_out.dat" link="output" size="2199023255552"/>
	</job>
	<job id="merge1.71" namespace="psmerge" name="MergeDB" runtime="10800" cores="1">
		<uses file="merge1.71_in2.dat" link="input" size="2199023255552"/>
		<uses file="merge1.71_in1.dat" link="input" size="104857600"/>
		<uses file="merge1.71_out.dat" link="output" size="2199023255552"/>
	</job>
	<job id="merge1.43" namespace="psmerge" name="MergeDB" runtime="10800" cores="1">
		<uses file="merge1.43_in2.dat" link="input" size="2199023255552"/>
		<uses file="merge1.43_in1.dat" link="input" size="104857600"/>
		<uses file="merge1.43_out.dat" link="output" size="2199023255552"/>
	</job>
	<job id="merge1.42" namespace="psmerge" name="MergeDB" runtime="10800" cores="1">
		<uses file="merge1.42_in2.dat" link="input" size="2199023255552"/>
		<uses file="merge1.42_in1.dat" link="input" size="104857600"/>
		<uses file="merge1.42_out.dat" link="output" size="2199023255552"/>
	</job>
	<job id="merge1.51" namespace="psmerge" name="MergeDB" runtime="10800" cores="1">
		<uses file="merge1.51_in2.dat" link="input" size="2199023255552"/>
		<uses file="merge1.51_in1.dat" link="input" size="104857600"/>
		<uses file="merge1.51_out.dat" link="output" size="2199023255552"/>
	</job>
	<job id="merge1.54" namespace="psmerge" name="MergeDB" runtime="10800" cores="1">
		<uses file="merge1.54_in2.dat" link="input" size="2199023255552"/>
		<uses file="merge1.54_in1.dat" link="input" size="104857600"/>
		<uses file="merge1.54_out.dat" link="output" size="2199023255552"/>
	</job>
	<job id="merge1.49" namespace="psmerge" name="MergeDB" runtime="10800" cores="1">
		<uses file="merge1.49_in2.dat" link="input" size="2199023255552"/>
		<uses file="merge1.49_in1.dat" link="input" size="104857600"/>
		<uses file="merge1.49_out.dat" link="output" size="2199023255552"/>
	</job>
	<job id="merge1.28" namespace="psmerge" name="MergeDB" runtime="10800" cores="1">
		<uses file="merge1.28_in2.dat" link="input" size="2199023255552"/>
		<uses file="merge1.28_in1.dat" link="input" size="104857600"/>
		<uses file="merge1.28_out.dat" link="output" size="2199023255552"/>
	</job>
	<job id="merge1.58" namespace="psmerge" name="MergeDB" runtime="10800" cores="1">
		<uses file="merge1.58_in2.dat" link="input" size="2199023255552"/>
		<uses file="merge1.58_in1.dat" link="input" size="104857600"/>
		<uses file="merge1.58_out.dat" link="output" size="2199023255552"/>
	</job>
	<job id="merge1.67" namespace="psmerge" name="MergeDB" runtime="10800" cores="1">
		<uses file="merge1.67_in2.dat" link="input" size="2199023255552"/>
		<uses file="merge1.67_in1.dat" link="input" size="104857600"/>
		<uses file="merge1.67_out.dat" link="output" size="2199023255552"/>
	</job>
	<job id="validate1" namespace="psmerge" name="ValidateMerge" runtime="60" cores="1">
		<uses file="merge1.62_out.dat" link="input" size="2199023255552"/>
		<uses file="merge1.37_out.dat" link="input" size="2199023255552"/>
		<uses file="merge1.61_out.dat" link="input" size="2199023255552"/>
		<uses file="merge1.6_out.dat" link="input" size="2199023255552"/>
		<uses file="merge1.45_out.dat" link="input" size="2199023255552"/>
		<uses file="merge1.31_out.dat" link="input" size="2199023255552"/>
		<uses file="merge1.74_out.dat" link="input" size="2199023255552"/>
		<uses file="merge1.55_out.dat" link="input" size="2199023255552"/>
		<uses file="merge1.19_out.dat" link="input" size="2199023255552"/>
		<uses file="merge1.51_out.dat" link="input" size="2199023255552"/>
		<uses file="merge1.12_out.dat" link="input" size="2199023255552"/>
		<uses file="merge1.32_out.dat" link="input" size="2199023255552"/>
		<uses file="merge1.73_out.dat" link="input" size="2199023255552"/>
		<uses file="merge1.35_out.dat" link="input" size="2199023255552"/>
		<uses file="merge1.44_out.dat" link="input" size="2199023255552"/>
		<uses file="merge1.67_out.dat" link="input" size="2199023255552"/>
		<uses file="merge1.36_out.dat" link="input" size="2199023255552"/>
		<uses file="merge1.3_out.dat" link="input" size="2199023255552"/>
		<uses file="merge1.13_out.dat" link="input" size="2199023255552"/>
		<uses file="merge1.50_out.dat" link="input" size="2199023255552"/>
		<uses file="merge1.64_out.dat" link="input" size="2199023255552"/>
		<uses file="merge1.28_out.dat" link="input" size="2199023255552"/>
		<uses file="merge1.75_out.dat" link="input" size="2199023255552"/>
		<uses file="merge1.33_out.dat" link="input" size="2199023255552"/>
		<uses file="merge1.57_out.dat" link="input" size="2199023255552"/>
		<uses file="merge1.38_out.dat" link="input" size="2199023255552"/>
		<uses file="merge1.59_out.dat" link="input" size="2199023255552"/>
		<uses file="merge1.43_out.dat" link="input" size="2199023255552"/>
		<uses file="merge1.65_out.dat" link="input" size="2199023255552"/>
		<uses file="merge1.21_out.dat" link="input" size="2199023255552"/>
		<uses file="merge1.14_out.dat" link="input" size="2199023255552"/>
		<uses file="merge1.54_out.dat" link="input" size="2199023255552"/>
		<uses file="merge1.71_out.dat" link="input" size="2199023255552"/>
		<uses file="merge1.49_out.dat" link="input" size="2199023255552"/>
		<uses file="merge1.39_out.dat" link="input" size="2199023255552"/>
		<uses file="merge1.56_out.dat" link="input" size="2199023255552"/>
		<uses file="merge1.9_out.dat" link="input" size="2199023255552"/>
		<uses file="merge1.7_out.dat" link="input" size="2199023255552"/>
		<uses file="merge1.10_out.dat" link="input" size="2199023255552"/>
		<uses file="merge1.42_out.dat" link="input" size="2199023255552"/>
		<uses file="merge1.22_out.dat" link="input" size="2199023255552"/>
		<uses file="merge1.76_out.dat" link="input" size="2199023255552"/>
		<uses file="merge1.15_out.dat" link="input" size="2199023255552"/>
		<uses file="merge1.47_out.dat" link="input" size="2199023255552"/>
		<uses file="merge1.20_out.dat" link="input" size="2199023255552"/>
		<uses file="merge1.1_out.dat" link="input" size="2199023255552"/>
		<uses file="merge1.11_out.dat" link="input" size="2199023255552"/>
		<uses file="merge1.8_out.dat" link="input" size="2199023255552"/>
		<uses file="merge1.58_out.dat" link="input" size="2199023255552"/>
		<uses file="merge1.63_out.dat" link="input" size="2199023255552"/>
		<uses file="merge1.23_out.dat" link="input" size="2199023255552"/>
		<uses file="merge1.41_out.dat" link="input" size="2199023255552"/>
		<uses file="merge1.16_out.dat" link="input" size="2199023255552"/>
		<uses file="merge1.29_out.dat" link="input" size="2199023255552"/>
		<uses file="merge1.27_out.dat" link="input" size="2199023255552"/>
		<uses file="merge1.70_out.dat" link="input" size="2199023255552"/>
		<uses file="merge1.48_out.dat" link="input" size="2199023255552"/>
		<uses file="merge1.5_out.dat" link="input" size="2199023255552"/>
		<uses file="merge1.68_out.dat" link="input" size="2199023255552"/>
		<uses file="merge1.4_out.dat" link="input" size="2199023255552"/>
		<uses file="merge1.34_out.dat" link="input" size="2199023255552"/>
		<uses file="merge1.77_out.dat" link="input" size="2199023255552"/>
		<uses file="merge1.53_out.dat" link="input" size="2199023255552"/>
		<uses file="merge1.24_out.dat" link="input" size="2199023255552"/>
		<uses file="merge1.60_out.dat" link="input" size="2199023255552"/>
		<uses file="merge1.17_out.dat" link="input" size="2199023255552"/>
		<uses file="merge1.40_out.dat" link="input" size="2199023255552"/>
		<uses file="merge1.2_out.dat" link="input" size="2199023255552"/>
		<uses file="merge1.66_out.dat" link="input" size="2199023255552"/>
		<uses file="merge1.30_out.dat" link="input" size="2199023255552"/>
		<uses file="merge1.46_out.dat" link="input" size="2199023255552"/>
		<uses file="merge1.26_out.dat" link="input" size="2199023255552"/>
		<uses file="merge1.72_out.dat" link="input" size="2199023255552"/>
		<uses file="merge1.25_out.dat" link="input" size="2199023255552"/>
		<uses file="merge1.52_out.dat" link="input" size="2199023255552"/>
		<uses file="merge1.18_out.dat" link="input" size="2199023255552"/>
		<uses file="merge1.69_out.dat" link="input" size="2199023255552"/>
		<uses file="validate1_out.dat" link="output" size="2232008604385"/>
	</job>
	<job id="merge1.63" namespace="psmerge" name="MergeDB" runtime="10800" cores="1">
		<uses file="merge1.63_in2.dat" link="input" size="2199023255552"/>
		<uses file="merge1.63_in1.dat" link="input" size="104857600"/>
		<uses file="merge1.63_out.dat" link="output" size="2199023255552"/>
	</job>
	<job id="merge1.16" namespace="psmerge" name="MergeDB" runtime="10800" cores="1">
		<uses file="merge1.16_in1.dat" link="input" size="104857600"/>
		<uses file="merge1.16_in2.dat" link="input" size="2199023255552"/>
		<uses file="merge1.16_out.dat" link="output" size="2199023255552"/>
	</job>
	<job id="merge1.29" namespace="psmerge" name="MergeDB" runtime="10800" cores="1">
		<uses file="merge1.29_in2.dat" link="input" size="2199023255552"/>
		<uses file="merge1.29_in1.dat" link="input" size="104857600"/>
		<uses file="merge1.29_out.dat" link="output" size="2199023255552"/>
	</job>
	<job id="merge1.34" namespace="psmerge" name="MergeDB" runtime="10800" cores="1">
		<uses file="merge1.34_in1.dat" link="input" size="104857600"/>
		<uses file="merge1.34_in2.dat" link="input" size="2199023255552"/>
		<uses file="merge1.34_out.dat" link="output" size="2199023255552"/>
	</job>
	<job id="merge1.45" namespace="psmerge" name="MergeDB" runtime="10800" cores="1">
		<uses file="merge1.45_in2.dat" link="input" size="2199023255552"/>
		<uses file="merge1.45_in1.dat" link="input" size="104857600"/>
		<uses file="merge1.45_out.dat" link="output" size="2199023255552"/>
	</job>
	<job id="merge1.62" namespace="psmerge" name="MergeDB" runtime="10800" cores="1">
		<uses file="merge1.62_in1.dat" link="input" size="104857600"/>
		<uses file="merge1.62_in2.dat" link="input" size="2199023255552"/>
		<uses file="merge1.62_out.dat" link="output" size="2199023255552"/>
	</job>
	<job id="merge1.38" namespace="psmerge" name="MergeDB" runtime="10800" cores="1">
		<uses file="merge1.38_in1.dat" link="input" size="104857600"/>
		<uses file="merge1.38_in2.dat" link="input" size="2199023255552"/>
		<uses file="merge1.38_out.dat" link="output" size="2199023255552"/>
	</job>
	<job id="merge1.72" namespace="psmerge" name="MergeDB" runtime="10800" cores="1">
		<uses file="merge1.72_in1.dat" link="input" size="104857600"/>
		<uses file="merge1.72_in2.dat" link="input" size="2199023255552"/>
		<uses file="merge1.72_out.dat" link="output" size="2199023255552"/>
	</job>
	<job id="merge1.48" namespace="psmerge" name="MergeDB" runtime="10800" cores="1">
		<uses file="merge1.48_in1.dat" link="input" size="104857600"/>
		<uses file="merge1.48_in2.dat" link="input" size="2199023255552"/>
		<uses file="merge1.48_out.dat" link="output" size="2199023255552"/>
	</job>
	<job id="merge1.27" namespace="psmerge" name="MergeDB" runtime="10800" cores="1">
		<uses file="merge1.27_in1.dat" link="input" size="104857600"/>
		<uses file="merge1.27_in2.dat" link="input" size="2199023255552"/>
		<uses file="merge1.27_out.dat" link="output" size="2199023255552"/>
	</job>
	<job id="merge1.31" namespace="psmerge" name="MergeDB" runtime="10800" cores="1">
		<uses file="merge1.31_in2.dat" link="input" size="2199023255552"/>
		<uses file="merge1.31_in1.dat" link="input" size="104857600"/>
		<uses file="merge1.31_out.dat" link="output" size="2199023255552"/>
	</job>
	<job id="merge1.24" namespace="psmerge" name="MergeDB" runtime="10800" cores="1">
		<uses file="merge1.24_in1.dat" link="input" size="104857600"/>
		<uses file="merge1.24_in2.dat" link="input" size="2199023255552"/>
		<uses file="merge1.24_out.dat" link="output" size="2199023255552"/>
	</job>
	<job id="merge1.57" namespace="psmerge" name="MergeDB" runtime="10800" cores="1">
		<uses file="merge1.57_in2.dat" link="input" size="2199023255552"/>
		<uses file="merge1.57_in1.dat" link="input" size="104857600"/>
		<uses file="merge1.57_out.dat" link="output" size="2199023255552"/>
	</job>
	<job id="merge1.17" namespace="psmerge" name="MergeDB" runtime="10800" cores="1">
		<uses file="merge1.17_in2.dat" link="input" size="2199023255552"/>
		<uses file="merge1.17_in1.dat" link="input" size="104857600"/>
		<uses file="merge1.17_out.dat" link="output" size="2199023255552"/>
	</job>
	<job id="merge1.56" namespace="psmerge" name="MergeDB" runtime="10800" cores="1">
		<uses file="merge1.56_in1.dat" link="input" size="104857600"/>
		<uses file="merge1.56_in2.dat" link="input" size="2199023255552"/>
		<uses file="merge1.56_out.dat" link="output" size="2199023255552"/>
	</job>
	<job id="merge1.18" namespace="psmerge" name="MergeDB" runtime="10800" cores="1">
		<uses file="merge1.18_in2.dat" link="input" size="2199023255552"/>
		<uses file="merge1.18_in1.dat" link="input" size="104857600"/>
		<uses file="merge1.18_out.dat" link="output" size="2199023255552"/>
	</job>
	<job id="merge1.30" namespace="psmerge" name="MergeDB" runtime="10800" cores="1">
		<uses file="merge1.30_in1.dat" link="input" size="104857600"/>
		<uses file="merge1.30_in2.dat" link="input" size="2199023255552"/>
		<uses file="merge1.30_out.dat" link="output" size="2199023255552"/>
	</job>
	<job id="merge1.41" namespace="psmerge" name="MergeDB" runtime="10800" cores="1">
		<uses file="merge1.41_in2.dat" link="input" size="2199023255552"/>
		<uses file="merge1.41_in1.dat" link="input" size="104857600"/>
		<uses file="merge1.41_out.dat" link="output" size="2199023255552"/>
	</job>
	<job id="merge1.5" namespace="psmerge" name="MergeDB" runtime="10800" cores="1">
		<uses file="merge1.5_in1.dat" link="input" size="104857600"/>
		<uses file="merge1.5_in2.dat" link="input" size="2199023255552"/>
		<uses file="merge1.5_out.dat" link="output" size="2199023255552"/>
	</job>
	<job id="merge1.75" namespace="psmerge" name="MergeDB" runtime="10800" cores="1">
		<uses file="merge1.75_in2.dat" link="input" size="2199023255552"/>
		<uses file="merge1.75_in1.dat" link="input" size="104857600"/>
		<uses file="merge1.75_out.dat" link="output" size="2199023255552"/>
	</job>
	<job id="merge1.4" namespace="psmerge" name="MergeDB" runtime="10800" cores="1">
		<uses file="merge1.4_in2.dat" link="input" size="2199023255552"/>
		<uses file="merge1.4_in1.dat" link="input" size="104857600"/>
		<uses file="merge1.4_out.dat" link="output" size="2199023255552"/>
	</job>
	<job id="merge1.1" namespace="psmerge" name="MergeDB" runtime="10800" cores="1">
		<uses file="merge1.1_in1.dat" link="input" size="104857600"/>
		<uses file="merge1.1_in2.dat" link="input" size="2199023255552"/>
		<uses file="merge1.1_out.dat" link="output" size="2199023255552"/>
	</job>
	<job id="merge1.6" namespace="psmerge" name="MergeDB" runtime="10800" cores="1">
		<uses file="merge1.6_in1.dat" link="input" size="104857600"/>
		<uses file="merge1.6_in2.dat" link="input" size="2199023255552"/>
		<uses file="merge1.6_out.dat" link="output" size="2199023255552"/>
	</job>
	<job id="merge1.47" namespace="psmerge" name="MergeDB" runtime="10800" cores="1">
		<uses file="merge1.47_in2.dat" link="input" size="2199023255552"/>
		<uses file="merge1.47_in1.dat" link="input" size="104857600"/>
		<uses file="merge1.47_out.dat" link="output" size="2199023255552"/>
	</job>
	<child ref="update">
		<parent ref="validate1"/>
	</child>
	<child ref="merge1.11">
		<parent ref="preprocess1"/>
	</child>
	<child ref="merge1.52">
		<parent ref="preprocess1"/>
	</child>
	<child ref="merge1.66">
		<parent ref="preprocess1"/>
	</child>
	<child ref="merge1.44">
		<parent ref="preprocess1"/>
	</child>
	<child ref="merge1.40">
		<parent ref="preprocess1"/>
	</child>
	<child ref="merge1.9">
		<parent ref="preprocess1"/>
	</child>
	<child ref="merge1.59">
		<parent ref="preprocess1"/>
	</child>
	<child ref="merge1.32">
		<parent ref="preprocess1"/>
	</child>
	<child ref="merge1.73">
		<parent ref="preprocess1"/>
	</child>
	<child ref="merge1.8">
		<parent ref="preprocess1"/>
	</child>
	<child ref="merge1.19">
		<parent ref="preprocess1"/>
	</child>
	<child ref="merge1.12">
		<parent ref="preprocess1"/>
	</child>
	<child ref="merge1.37">
		<parent ref="preprocess1"/>
	</child>
	<child ref="merge1.3">
		<parent ref="preprocess1"/>
	</child>
	<child ref="merge1.68">
		<parent ref="preprocess1"/>
	</child>
	<child ref="merge1.25">
		<parent ref="preprocess1"/>
	</child>
	<child ref="merge1.33">
		<parent ref="preprocess1"/>
	</child>
	<child ref="merge1.39">
		<parent ref="preprocess1"/>
	</child>
	<child ref="merge1.46">
		<parent ref="preprocess1"/>
	</child>
	<child ref="merge1.60">
		<parent ref="preprocess1"/>
	</child>
	<child ref="merge1.74">
		<parent ref="preprocess1"/>
	</child>
	<child ref="merge1.64">
		<parent ref="preprocess1"/>
	</child>
	<child ref="merge1.20">
		<parent ref="preprocess1"/>
	</child>
	<child ref="merge1.76">
		<parent ref="preprocess1"/>
	</child>
	<child ref="merge1.13">
		<parent ref="preprocess1"/>
	</child>
	<child ref="merge1.65">
		<parent ref="preprocess1"/>
	</child>
	<child ref="merge1.23">
		<parent ref="preprocess1"/>
	</child>
	<child ref="merge1.2">
		<parent ref="preprocess1"/>
	</child>
	<child ref="merge1.10">
		<parent ref="preprocess1"/>
	</child>
	<child ref="merge1.77">
		<parent ref="preprocess1"/>
	</child>
	<child ref="merge1.61">
		<parent ref="preprocess1"/>
	</child>
	<child ref="merge1.53">
		<parent ref="preprocess1"/>
	</child>
	<child ref="merge1.7">
		<parent ref="preprocess1"/>
	</child>
	<child ref="merge1.21">
		<parent ref="preprocess1"/>
	</child>
	<child ref="merge1.14">
		<parent ref="preprocess1"/>
	</child>
	<child ref="merge1.69">
		<parent ref="preprocess1"/>
	</child>
	<child ref="merge1.55">
		<parent ref="preprocess1"/>
	</child>
	<child ref="merge1.50">
		<parent ref="preprocess1"/>
	</child>
	<child ref="merge1.36">
		<parent ref="preprocess1"/>
	</child>
	<child ref="merge1.35">
		<parent ref="preprocess1"/>
	</child>
	<child ref="merge1.26">
		<parent ref="preprocess1"/>
	</child>
	<child ref="merge1.22">
		<parent ref="preprocess1"/>
	</child>
	<child ref="merge1.70">
		<parent ref="preprocess1"/>
	</child>
	<child ref="merge1.15">
		<parent ref="preprocess1"/>
	</child>
	<child ref="merge1.71">
		<parent ref="preprocess1"/>
	</child>
	<child ref="merge1.43">
		<parent ref="preprocess1"/>
	</child>
	<child ref="merge1.42">
		<parent ref="preprocess1"/>
	</child>
	<child ref="merge1.51">
		<parent ref="preprocess1"/>
	</child>
	<child ref="merge1.54">
		<parent ref="preprocess1"/>
	</child>
	<child ref="merge1.49">
		<parent ref="preprocess1"/>
	</child>
	<child ref="merge1.28">
		<parent ref="preprocess1"/>
	</child>
	<child ref="merge1.58">
		<parent ref="preprocess1"/>
	</child>
	<child ref="merge1.67">
		<parent ref="preprocess1"/>
	</child>
	<child ref="validate1">
		<parent ref="merge1.30"/>
		<parent ref="merge1.61"/>
		<parent ref="merge1.67"/>
		<parent ref="merge1.73"/>
		<parent ref="merge1.66"/>
		<parent ref="merge1.68"/>
		<parent ref="merge1.9"/>
		<parent ref="merge1.20"/>
		<parent ref="merge1.32"/>
		<parent ref="merge1.74"/>
		<parent ref="merge1.19"/>
		<parent ref="merge1.12"/>
		<parent ref="merge1.40"/>
		<parent ref="merge1.3"/>
		<parent ref="merge1.17"/>
		<parent ref="merge1.25"/>
		<parent ref="merge1.33"/>
		<parent ref="merge1.39"/>
		<parent ref="merge1.2"/>
		<parent ref="merge1.60"/>
		<parent ref="merge1.8"/>
		<parent ref="merge1.53"/>
		<parent ref="merge1.55"/>
		<parent ref="merge1.13"/>
		<parent ref="merge1.11"/>
		<parent ref="merge1.65"/>
		<parent ref="merge1.46"/>
		<parent ref="merge1.23"/>
		<parent ref="merge1.48"/>
		<parent ref="merge1.10"/>
		<parent ref="merge1.41"/>
		<parent ref="merge1.7"/>
		<parent ref="merge1.21"/>
		<parent ref="merge1.16"/>
		<parent ref="merge1.14"/>
		<parent ref="merge1.69"/>
		<parent ref="merge1.59"/>
		<parent ref="merge1.22"/>
		<parent ref="merge1.36"/>
		<parent ref="merge1.35"/>
		<parent ref="merge1.37"/>
		<parent ref="merge1.26"/>
		<parent ref="merge1.50"/>
		<parent ref="merge1.70"/>
		<parent ref="merge1.43"/>
		<parent ref="merge1.71"/>
		<parent ref="merge1.5"/>
		<parent ref="merge1.52"/>
		<parent ref="merge1.34"/>
		<parent ref="merge1.54"/>
		<parent ref="merge1.49"/>
		<parent ref="merge1.28"/>
		<parent ref="merge1.58"/>
		<parent ref="merge1.51"/>
		<parent ref="merge1.63"/>
		<parent ref="merge1.44"/>
		<parent ref="merge1.47"/>
		<parent ref="merge1.29"/>
		<parent ref="merge1.42"/>
		<parent ref="merge1.62"/>
		<parent ref="merge1.1"/>
		<parent ref="merge1.72"/>
		<parent ref="merge1.76"/>
		<parent ref="merge1.27"/>
		<parent ref="merge1.24"/>
		<parent ref="merge1.45"/>
		<parent ref="merge1.56"/>
		<parent ref="merge1.18"/>
		<parent ref="merge1.31"/>
		<parent ref="merge1.64"/>
		<parent ref="merge1.57"/>
		<parent ref="merge1.77"/>
		<parent ref="merge1.4"/>
		<parent ref="merge1.38"/>
		<parent ref="merge1.15"/>
		<parent ref="merge1.6"/>
		<parent ref="merge1.75"/>
	</child>
	<child ref="merge1.63">
		<parent ref="preprocess1"/>
	</child>
	<child ref="merge1.16">
		<parent ref="preprocess1"/>
	</child>
	<child ref="merge1.29">
		<parent ref="preprocess1"/>
	</child>
	<child ref="merge1.34">
		<parent ref="preprocess1"/>
	</child>
	<child ref="merge1.45">
		<parent ref="preprocess1"/>
	</child>
	<child ref="merge1.62">
		<parent ref="preprocess1"/>
	</child>
	<child ref="merge1.38">
		<parent ref="preprocess1"/>
	</child>
	<child ref="merge1.72">
		<parent ref="preprocess1"/>
	</child>
	<child ref="merge1.48">
		<parent ref="preprocess1"/>
	</child>
	<child ref="merge1.27">
		<parent ref="preprocess1"/>
	</child>
	<child ref="merge1.31">
		<parent ref="preprocess1"/>
	</child>
	<child ref="merge1.24">
		<parent ref="preprocess1"/>
	</child>
	<child ref="merge1.57">
		<parent ref="preprocess1"/>
	</child>
	<child ref="merge1.17">
		<parent ref="preprocess1"/>
	</child>
	<child ref="merge1.56">
		<parent ref="preprocess1"/>
	</child>
	<child ref="merge1.18">
		<parent ref="preprocess1"/>
	</child>
	<child ref="merge1.30">
		<parent ref="preprocess1"/>
	</child>
	<child ref="merge1.41">
		<parent ref="preprocess1"/>
	</child>
	<child ref="merge1.5">
		<parent ref="preprocess1"/>
	</child>
	<child ref="merge1.75">
		<parent ref="preprocess1"/>
	</child>
	<child ref="merge1.4">
		<parent ref="preprocess1"/>
	</child>
	<child ref="merge1.1">
		<parent ref="preprocess1"/>
	</child>
	<child ref="merge1.6">
		<parent ref="preprocess1"/>
	</child>
	<child ref="merge1.47">
		<parent ref="preprocess1"/>
	</child>
</adag>
