<root>
  <facet id="jpt.jaxb">
    <node name="classgen">
      <attribute name="package" value="DAG"/>
    </node>
    <node name="libprov">
      <attribute name="provider-id" value="jaxb-jre-library-provider"/>
    </node>
    <node name="platform">
      <attribute name="platform-id" value="generic_2_2"/>
    </node>
    <node name="schemas">
      <node name="schema-1">
        <attribute name="location" value="platform:/resource/FinalAbrishJax/build/dag1.xsd"/>
      </node>
      <node name="schema-2">
        <attribute name="location" value="platform:/resource/FinalAbrishJax/build/dag2.xsd"/>
      </node>
      <node name="schema-3">
        <attribute name="location" value="platform:/resource/FinalAbrishJax/build/dag3.xsd"/>
      </node>
      <node name="schema-4">
        <attribute name="location" value="platform:/resource/FinalAbrishJax/build/fff.xsd"/>
      </node>
      <node name="schema-5">
        <attribute name="location" value="platform:/resource/FinalAbrishJax/build/dagShort.xsd"/>
      </node>
    </node>
  </facet>
</root>
